id,name,category,addr,desc,city,district,local_id
U031,新北市三峽區公有零售市場,優良市集,新北市三峽區民生街186號,三峽公有市場鄰近三峽老街，1至3樓為傳統市場，4樓為活動中心，地下室則為停車場；配合老街整體意象，特地以紅磚建築復古、質樸的外觀與老街連成一氣，成為視覺端點；另市場大樓已取得綠建築標章、資源節能回收使用的認證，是一棟符合節能與環保的公有市場。 市場內通風採光十分充足走道相當寬敞，且配置現代化設備，例如設置手扶梯讓消費者可直達3樓購物，提供消費者舒適的購物環境，另也設置有汽機車停車位進出交通十分方便，完全顛覆公有零售市場帶給一般社會大眾的印象。 攤商供應販賣各種生鮮肉品、新鮮蔬果、服飾、五金等用品，並有種類齊全的青菜蔬果及各式海產類，販賣種類十分豐富所以在此常常可見一家大小的採買身影，這裡是個充滿幸福的菜市場。,新北市,三峽區,NPSA
U032,新北市中和區枋寮公有零售市場,優良市集,新北市中和區中和路74號,中和區枋寮市場沿革： 枋寮市場於民國六十五年建成使用，立地條件極優，位於中和區歷史最悠久的廣濟宮正對面。市場規劃攤位113位，不但業種豐富、服務親切、乾淨衛生及停車方便，在商業司輔導下，自治會更發揮其功能凝聚共識，激發自我改善的決心。枋寮市場在中和區公所大力推動與攤商的全力配合下，獲選為全國優良傳統市場示範，更再九十年、九十一年、九十二年三年連續獲得經濟部頒發優良市場新象獎。攤商朋友十分珍惜辛苦得來的成果，對於賣場環境的維持相當努力，並訂有社區清潔日，定期號招市場攤商與外圍店家共同打掃環境；此外，枋寮市場並經常配合節慶辦理促銷活動，回饋地方。再近年內陸續完成多項硬體設施(如統一攤招、環境綠化、燈箱設置、採光雨棚、意象招牌、監視系統、中央空調冷氣、市場牆壁貼磁磚、公廁整修美化並增設安全設施以達到公廁人性使用化、加強公共設施消防安全、市場附設土地公廟及主題廣告招牌等)徹底展現有別於「傳統」市場的現代風貌。  枋寮市場是由中和廣濟宮所發展延伸出來的一個獨特商業環境，位在中和區人潮熙攘、車水馬龍的核心地區，成為當地民眾消費購物、年輕人逛街聚集的生活中心。市場內部維持得相當整潔清爽，全面採用中央空調冷氣，保持場內空氣對流循環通暢良好，並附有專屬的機車停車場，商品一應俱全，攤位整齊比鄰排列，讓前來購物的民眾更能夠以輕鬆的心情從容選購。  市場熱門商品：專營當日現撈的生猛海鮮(包括活蟹、活蝦、活烏賊及各種遠洋大魚)，廣受饕客們喜愛，生意興隆。 特色攤商：經營珠寶從款式設計、製造、鑑定至售後服務，最具專業誠信，用心服務有口碑，深受顧客信賴。 市場特色：業種豐富、服務親切、乾淨衛生、停車方便及有中央空調設備。 營業總類：果菜類、雜貨類、畜肉類、飲食類、禽肉類、糧食類、水產類、百貨類、其他類 交通資訊：枋寮市場門口站：聯營241、244、275、214、809、66(綠8土城3新店、土城5中和、10木柵) 中和廟口站：連營57、臺北客運214、311、大有巴士、基隆客運(基隆-板橋)。 鄰近重要街道：南山路、廣福路、泰和街、景平路,新北市,中和區,NPZH
U033,新北市永和區永安公有零售市場,優良市集,新北市永和區安樂路431號,永安公有零售市場沿革： 創設於民國51年開始營運，外毗鄰中和區界及自由街，面對安樂路市場外形成攤販集中區二百多個。 永安市場擁有獨特的地理位置，連結著中、永和許多交通要道，因此無論居住距離遠近，皆可選擇搭乘便利的捷運或公車直達目的地。且該市場距離四號公園不遠，不僅交通便利、購物方便，也是假日休閒的好選擇。 其販售種類多元，蔬菜、青果、魚肉海鮮等生鮮食品及五金雜貨等日常用品一應俱全，可滿足各種購物需求。 市場特色：販售各項生鮮水果及日常用品 營業種類：蔬菜類、青果類、魚肉類、家禽類、雜貨類、飲食類、百貨類及其他 交通資訊：永安捷運站，本市免費接駁公車D、E路線永安市場站，聯營公車275、311及臺北客運之永安市場站、214永和路口站、249、809及基隆客運之自由街口站 鄰近重要街道：永和路、自由街、安樂路、永貞路,新北市,永和區,NPYH
U034,新北市永和樂華攤集區,優良市集,新北市永和區保福路一段30號,樂華觀光夜市位於新北市永和區永平路上，離捷運站出口不遠。夜市有許多知名美食商家，如鹽酥雞、蚵仔煎、壽司店、滷味攤，每道都是便宜又大碗的絕品美食！夜幕低垂、街燈亮起後，樂華夜市更將永和點綴成了一座不夜城，是一處頗具地方特色的著名夜市。本次首度參與優良市集與樂活名攤評鑑，即獲得二星優良市集認證，未來自治會將朝向國際級觀光夜市邁進。,新北市,永和區,NPYH
U035,新北市汐止區金龍公有零售市場,優良市集,新北市汐止區中興路250號, 縣市：新北市 市場名稱：金龍市場 地址：新北市汐止區中興路250號 電話：02-2695-2680 網址：無 營業型態：早市(07：00~17：00) 總攤位數：133 內文說明： •現況介紹 發展迄今已有三十年歷史，佔地百坪且地下室備有停車場，方便來客停放汽機車，一樓則為金龍市場攤商營業販售用途，二樓以上為便民則規劃為里民活動中心，此舉亦拉近了市場攤商與社區居民的距離，金龍市場於週邊社區消費者之重要性不言而喻。此外，亦考慮到消費者之購物安全，特聘保全以確保顧客消費無虞，處處可見市場對於良好消費環境維護之用心。 除此之外，金龍市場自理組織與各攤商亦配合政府政策推動，為積極提升市場整體環境，另規劃出一空間，將活禽獨立豢養於市場外，活禽攤商共同建立不於市場內飼養及宰殺活禽之共識，以降低飛羽並避免血水穢物影響市場觀感，同時仍舊能夠提供消費者品質新鮮良好之現宰禽肉。  位在汐止中興路與康寧路附近的金龍市場，是汐止地區市場的標竿，附近民眾絡繹不絕，發展迄今已有三十年歷史，市場內有許多美食小吃名攤，每每都能看見排隊人潮。自治會經營用心，定期辦理促銷活動，並結合里民活動中心，與社區居民擁有非常良好的互動。此外，每天皆有專人負責整理清潔，並且定期消毒，讓逛市場的民眾感到衛生又安心。  •特色說明 1.全體攤商為維護環境乾淨整潔，訂定每週週五為市場清潔日 2.因應節慶假日，定期辦理促銷活動，與社區居民之互動良好 3.建物結合里民活動中心，市場不僅備有空調並建有空中花園 ,新北市,汐止區,NPXI
U036,新北市汐止區忠厚公有零售市場,優良市集,新北市汐止區樟樹一路137巷26號,縣市：新北市 市場名稱：忠厚市場 地址：新北市汐止區樟樹一路137巷26號 電話： 網址：無 營業型態：早市(07：00~19：00) 總攤位數：100 內文說明： •現況介紹 96年10月啟用，佔地2187平方公尺且地下室備有停車場，方便來客停放汽機車，一樓則為忠厚市場攤商營業販售用途，二樓以上為便民則規劃為里民活動中心及全國第一座忠厚公共托育中心。此外，考慮到消費者之購物安全，特聘保全以確保顧客消費無虞，處處可見市場對於良好消費環境維護之用心。  忠厚市場是一座新設立的傳統市集，它集合了各地市集的成功經營經驗與新式的攤位設計，是汐止最寬敞的傳統市場，潔淨乾爽的通道地板，加上舒適通風的中央空調，室內挑高寬敞明亮。市集內的商品種類與數量十分眾多、應有盡有，不僅成為主婦們精打細算的最愛、更讓許多年輕族群喜歡來這樣的環境購物。  •特色說明 1.因應節慶假日，定期辦理促銷活動，與社區居民之互動良好 3.建物結合里民活動中心，市場不僅備有空調,新北市,汐止區,NPXI
U037,新北市汐止區觀光夜市攤販集中區,優良市集,新北市汐止區新台五一段仁愛口,103年5月喬遷至水源路與大同路間高架橋下的汐止觀光夜市，從原本路邊空曠的用餐環境，到每個攤位都有著自己的用餐空間，美侖美奐的攤招與內部陳設，脫離了夜市路邊攤的模式。並裝設靜電除油煙設施，整體環境無油煙，廁所亦採用先進免沖水之設備，提昇了整個夜市的質感。加上原有的許多美食名攤，帶給汐止地區民眾晚上用參與遊逛的好去處。,新北市,汐止區,NPXI
U038,新北市汐止區黃昏攤販集中區,優良市集,新北市汐止區水源一段150號,汐止黃昏攤販集中區汐止火車站旁台鐵高架橋下，攤商擺設整齊，環境乾淨、通風明亮，提供汐止民眾各式生鮮、熟食，及在地生產蔬果。  汐止黃昏市場位居汐止火車站旁，交通方便，為下班民眾採購的最佳選擇。市場整體環境乾淨清潔，規劃良好，經營完善。營業種類以生鮮、雜貨為主要營業項目。攤商服務親切、價格公道，且商品擺設整齊，每週一次市場大掃除，維持攤位環境整潔。自治會運作自主且積極，重視綠色環保，亦自行辦理行銷活動，整體市場呈現欣欣向榮的氣氛。,新北市,汐止區,NPXI
U039,新北市板橋區黃石公有市場,優良市集,新北市板橋區宮口街37號,縣市：新北市 市場名稱：黃石市場 地址：新北市板橋區宮口街37號 電話：02-2969-3639 網址：無 營業型態：全日(07：00~17：00) 總攤位數：133 內文說明： 黃石市場地處大眾運輸集散地，並且有許多特色名攤在市場中，因此除了本地消費者以外，亦吸引不少外來客不遠千里來採買。此外又因緊鄰二級古蹟林家花園，因故市場週邊仍有建物保有原貌，亦有許多觀光客蒞臨黃石市場。這裡老字號的攤商多為民眾「呷好倒相報」或是網路上分享經典美食的食記，例如：老曹餛飩、王家肉羹...等。另外，市場不定期辦理促銷活動，並積極辦理公益活動，以拋磚引玉之姿帶動其消費者參與，不僅得以投身公益，更可活絡感情帶動商機。 •特色說明 1.市場內享譽盛名之攤商即為亮點，如行銷有道的老曹餛飩及廣受好評的王家肉羹 2.經常結合社區辦理活動活絡商機，如關懷視障慈善活動以及公益特賣溫馨傳情等 ,新北市,板橋區,NPBQ
U040,新北市板橋區湳雅觀光夜市(民營),優良市集,新北市板橋區南雅東路1-87、2-120,南雅觀光夜市位於新北市板橋區南雅東路一帶，又稱『板橋觀光夜市』，是新北市內規模最大的觀光夜市之一，以小吃攤位為主，服飾店面和雜貨用品為輔。  位於板橋南雅東路內的湳雅夜市，又稱為板橋觀光夜市，緊臨板橋舊火車站旁，人潮洶湧。夜市內著名小吃眾多，帶動地區繁榮，連同附近的商家也是燈火輝煌。湳雅夜市注重食品安全衛生，要求美食攤商均要出示檢驗證明，每年定期參與衛生講習，使消費者食得安心。夜市注重社區安全，落實市集消防自衛編組訓練，管理委員會組織健全完善、運作順暢，並熱心參與各項公益活動。,新北市,板橋區,NPBQ
U041,新北市林口區林口市場,優良市集,新北市林口區林口路17號,林口零售市場沿革： 民國64年5月設立之傳統早市。 林口市場內簡潔清爽的氛圍，加上清楚明瞭的動線規劃，空間顯得寬敞明亮，整潔的地板與排汙設施，加上挑高的屋頂使空氣對流循環，讓這裡少了惱人的異味。商家十分熱情親切，總是時常揚起熱忱的笑臉招呼迎接每一個經過的顧客。市場內有許多知名美食攤位，吸引了許多當地民眾與遠地聞香前來的饕客，促進市場商機。  市場特色：具傳統特色之零售市場 營業總類：海鮮、雞、鴨、魚、獸肉、蔬果、燒烤、雜貨等類 交通資訊： 三重客運〈公西∼板橋、公西北門、樹林∼林口長庚、長庚大學∼臺北市政府〉林口農會站。 桃園客運-林口農會站。 鄰近重要街道：中山路林口路口、中正老街,新北市,林口區,NPLK
U042,新北市林口東勢公有零售市場,優良市集,新北市林口區麗園一街35號,東勢市場鄰近麗園國小，以傳統零售市場經營，1樓為店鋪區、飲食區與百貨區，2樓為生鮮區，共計95攤(鋪)位，新鮮貨品應有盡有，符合民眾採買習慣及需求。讓附近住戶不必再奔波往返，市場的落成，實為林口一大福音。,新北市,林口區,NPLK
U043,金山第一公有零售市場,優良市集,新北市金山區中山路188號,金山第一公有零售市場緊臨金包里老街，是臺灣少數超過50年以上的傳統市集，除了當地居民外，周邊的石門、萬里地區的民眾也都會前來買菜。市場內除了新鮮漁獲、肉品等外，亦是金山農特產集中地，包括山菜、山藥、芋頭、箭竹筍、甘藷等著名的本地特產。,新北市,金山區,NPJS
U044,新北市泰山區泰山公有市場(甲),優良市集,新北市泰山區全興路212號,市場沿革： 新北市泰山區為活絡鄉內的經濟活動，特規劃興建「泰山區泰山公有市場」，以推動基層商業消費環境之改善，塑造高品質之現代化公有市場，期使提昇泰山區之居住品質，成為優質的城市，展現獨特的城鄉新魅力。 本規劃旨在訂立泰山區泰山公有市場之安置與承租辦法，安置對象以福泰街流動攤販為主，詳細規範安置程序，順利進行安置作業，期令泰山區基層商業整體品質得以提昇，促進整體泰山區之發展。  市場特色： 清潔、衛生、舒適(有中央空調)、便利(有免費接駁公車接送至市場)之現代化室內公有市場   泰山市場在節能方面，架設太陽能板，廁所改用噴霧式水龍頭，讓市場省電又省水。在環保方面，鼓勵消費者使用購物袋與手推車，讓塑膠袋使用量減少約30，市場攤商也鼓勵民眾回收廢電池、鐘錶，除了可減少環境污染，也真正落實環保。而全國僅有的4線免費接駁公車，方便民眾購物，不僅有助節能減碳，消費者也不用花錢在停車費上。  新北市泰山市場自93年啟用至今，獨創全國特有的免費接駁公車服務，將民眾由臺北市及新北市各地接駁至泰山市場，除可方便民眾購物，也大幅減少碳排量，落實低碳生活。市場1樓以細將咖啡、Aone領鮮果汁牛奶專賣等美食聞名，2樓部分則以販賣生鮮蔬果為主。 泰山市場也為回饋市場消費者，每年舉辦2次促銷活動，如市場年中慶活動與年底的集點活動，吸引為數不少的民眾參與，藉此提升營業額與強化市場形象，且也為回饋鄉里及消費民眾，自治會特成立土地公基金會，發放清寒獎助學金給泰山區內國中、小學學子，堪稱為國內首屈一指的親子友善市場。   營業總類： 飲食、百貨、五金、禽肉、畜肉、水產、果菜等類  交通資訊： 鄉內免費接駁公車(三線)、泰山~臺北(免費接駁公車)、803、805、508、五股-新泰路-臺北  鄰近重要街道： 全興路、仁愛路、仁德路、泰林路   -專家推薦 1.市場裝設LED燈，整潔明亮；全面推廣商品資訊標示，方便消費者選購商品。 2.自理組織十分用心經營市場，投入社區關懷活動，並成立基金回饋民眾，濟助弱勢族群，也提供獎學金補助。 3.有接駁車可來回臺北火車站與泰山市場。 4.垃圾分類回收工作成效卓越。 5.推廣「減塑運動」，鼓勵攤商貼示商品資訊標誌，給自備購物袋的顧客購物折扣。 6.攤位裝設LED燈。 ,新北市,泰山區,NPTA
G005,新北市泰山區泰山公有市場(乙),綠色市集,新北市泰山區全興路212號,市場沿革： 新北市泰山區為活絡鄉內的經濟活動，特規劃興建「泰山區泰山公有市場」，以推動基層商業消費環境之改善，塑造高品質之現代化公有市場，期使提昇泰山區之居住品質，成為優質的城市，展現獨特的城鄉新魅力。 本規劃旨在訂立泰山區泰山公有市場之安置與承租辦法，安置對象以福泰街流動攤販為主，詳細規範安置程序，順利進行安置作業，期令泰山區基層商業整體品質得以提昇，促進整體泰山區之發展。  市場特色： 清潔、衛生、舒適(有中央空調)、便利(有免費接駁公車接送至市場)之現代化室內公有市場   泰山市場在節能方面，架設太陽能板，廁所改用噴霧式水龍頭，讓市場省電又省水。在環保方面，鼓勵消費者使用購物袋與手推車，讓塑膠袋使用量減少約30，市場攤商也鼓勵民眾回收廢電池、鐘錶，除了可減少環境污染，也真正落實環保。而全國僅有的4線免費接駁公車，方便民眾購物，不僅有助節能減碳，消費者也不用花錢在停車費上。  新北市泰山市場自93年啟用至今，獨創全國特有的免費接駁公車服務，將民眾由臺北市及新北市各地接駁至泰山市場，除可方便民眾購物，也大幅減少碳排量，落實低碳生活。市場1樓以細將咖啡、Aone領鮮果汁牛奶專賣等美食聞名，2樓部分則以販賣生鮮蔬果為主。 泰山市場也為回饋市場消費者，每年舉辦2次促銷活動，如市場年中慶活動與年底的集點活動，吸引為數不少的民眾參與，藉此提升營業額與強化市場形象，且也為回饋鄉里及消費民眾，自治會特成立土地公基金會，發放清寒獎助學金給泰山區內國中、小學學子，堪稱為國內首屈一指的親子友善市場。   營業總類： 飲食、百貨、五金、禽肉、畜肉、水產、果菜等類  交通資訊： 鄉內免費接駁公車(三線)、泰山~臺北(免費接駁公車)、803、805、508、五股-新泰路-臺北  鄰近重要街道： 全興路、仁愛路、仁德路、泰林路   -專家推薦 1.市場裝設LED燈，整潔明亮；全面推廣商品資訊標示，方便消費者選購商品。 2.自理組織十分用心經營市場，投入社區關懷活動，並成立基金回饋民眾，濟助弱勢族群，也提供獎學金補助。 3.有接駁車可來回台北火車站與泰山市場。 4.垃圾分類回收工作成效卓越。 5.推廣「減塑運動」，鼓勵攤商貼示商品資訊標誌，給自備購物袋的顧客購物折扣。 6.攤位裝設LED燈。 ,新北市,泰山區,NPTA
U045,新北市淡水區中正公有零售市場,優良市集,新北市淡水區中正路115號,本市場98年度執行改建。 淡水中正市場濃厚的鄉土人情，加以捷運開通、中正路拓寬，便捷的交通網絡使該市場成為假日最佳熱門景點。設立已近40年，從原有的傳統市場，改建為符合消費者乾淨、明亮、舒適、貨色齊全之購物環境需求，結合周邊景點與街頭藝人特色，重新以觀光市場之姿再展現其風華。,新北市,淡水區,NPTS
U046,新北市淡水中山公有零售市場,優良市集,新北市淡水區中山路77號,中山市場標榜「安全、衛生、動線好」，一樓可進駐27個攤販，二、三樓為機車停車場；內部設施完善，具整潔明亮購物環境，將傳統市場徹底改頭換面。販賣的商品豐富多樣，攤商們把美食與百貨商品精美呈現，新鮮美味立即可見、貨真價實童叟無欺，並不定時推出促銷活動，歡迎民眾前往挖寶。,新北市,淡水區,NPTS
U047,瑞芳第二公有零售市場,優良市集,新北市瑞芳區民生街35巷2號,瑞芳第二市場面臨瑞芳火車站，成立迄今已有50餘年，如今發展成為美食街，加上水金九的觀光客，每到假日總是將市場擠著水洩不通，名聲響海內外。 市場內各類特色美食應有盡有，福州胡椒餅、龍鳳腿、肉羹麵、牛肉麵、蚵仔煎等，都讓人們不辭辛勞遠從其他縣市慕名而來，如此經典美味，值得您前往品嚐！,新北市,瑞芳區,NPRF
U048,新北市蘆洲區永平公有零售市場,優良市集,新北市蘆洲區永平街1號,永平公有市場，是社區居民的活動中心，常常一早便相邀來到此地一同聊天購物。。現代化的建築內含著傳統特色，販售各類海鮮、雞、鴨、魚肉、蔬果、燒烤、雜貨等；有趣的是，市場內部還有著男士理髮廳與女士挽面等的專業理容院，不但讓社區裡的長輩們在逛街買菜之餘，還能讓自己變得美美的、帥帥的。  電話：02-2281-7273 營業型態：06:00-14:00(每週一休市) ,新北市,蘆洲區,NPLZ
U070,臺北市士林區士東市場(甲),優良市集,臺北市士林區士東路100號,士東市場，一個皆具傳統及現代風貌的公有零售市場。 自民國81年成立至今，透過市場自治會、攤商及政府機關之努力，榮享五星級市集之美譽，並為經濟部商業司選定之模範市場之一。士東市場鄰近外籍人士較多的天母商圈，市場的傳統台灣風味及各色新鮮食材，深深吸引在地的外國人士。 市場內賣場整潔明亮乾淨，設有空調設備，一樓設127攤經營蔬菜、花卉、肉類、鮮魚、什貨、素食等；二樓設128攤經營百貨、皮飾、古董、珠寶、飲食等樣樣齊全，提供顧客一次購足的方便。 為響應環保節能，士東市場除建置有太陽能光電系統外，市場內之食材多為台灣本土產地，有效減少碳排防量，且垃圾分類及資源回收亦確實進行。 市場自治會積極與社區建立良好關係，辦理各項活動，以回饋消費民眾。  士東市場位於外籍人士聚集的天母，因此市集展現的是一種和諧、精緻的市井風情，除了販賣生鮮蔬果之外，更有許多知名傳統小吃攤，均以平凡的好滋味與優質服務聞名。另外，士東市場致力打造成為模範綠能環保市場，除了鼓勵攤商全面更換節能燈管、進行垃圾全面分類，並提供消費者手推車購物服務，值得其他市場仿效。市場內部乾淨，採光通風良好，並設置有地下停車場，在時常下雨的北部是採買食材的好地方。市場全體攤商態度親切，富有人情味，可感受到臺北獨特的城市味道，更反映了在地生活的日常百態。  士東市場在節能方面，除了架設太陽能板，自治會為推廣環保，免費替市場攤商更換節能燈管。另外於1樓增設蓄水池，收納1樓與2樓可使用之用水，充分達到水資源回收再利用。而在環保方面，也透過紙箱回收，每月可增加平均2萬元的市場公用基金；市場提供的手推車，也可大幅減少不必要的塑膠袋使用量；市場自行發明的環保捕蠅罐，主要利用回收的寶特瓶改裝後捕蠅，既環保又天然，相當值得其他市場仿效。  -專家推薦 1.整體市場販售品項豐富，為一完整的購物市場。 2.待客親切，市場氣氛融洽，讓顧客購物時感受到溫暖的氣息。 3.市場整體環境乾淨，衛生良好。 4.市場二樓商店街區相當具有特色，也符合現代人外食的潮流。 5.垃圾分類回收工作成效卓越。 6.裝設節水設備及集水器，強化節電設施，節電效率提高，值得肯定。 ,臺北市,士林區,TPSH
G008,臺北市士林區士東市場(乙),綠色市集,臺北市士林區士東路100號,士東市場，一個皆具傳統及現代風貌的公有零售市場。 自民國81年成立至今，透過市場自治會、攤商及政府機關之努力，榮享五星級市集之美譽，並為經濟部商業司選定之模範市場之一。士東市場鄰近外籍人士較多的天母商圈，市場的傳統台灣風味及各色新鮮食材，深深吸引在地的外國人士。 市場內賣場整潔明亮乾淨，設有空調設備，一樓設127攤經營蔬菜、花卉、肉類、鮮魚、什貨、素食等；二樓設128攤經營百貨、皮飾、古董、珠寶、飲食等樣樣齊全，提供顧客一次購足的方便。 為響應環保節能，士東市場除建置有太陽能光電系統外，市場內之食材多為台灣本土產地，有效減少碳排防量，且垃圾分類及資源回收亦確實進行。 市場自治會積極與社區建立良好關係，辦理各項活動，以回饋消費民眾。  士東市場位於外籍人士聚集的天母，因此市集展現的是一種和諧、精緻的市井風情，除了販賣生鮮蔬果之外，更有許多知名傳統小吃攤，均以平凡的好滋味與優質服務聞名。另外，士東市場致力打造成為模範綠能環保市場，除了鼓勵攤商全面更換節能燈管、進行垃圾全面分類，並提供消費者手推車購物服務，值得其他市場仿效。市場內部乾淨，採光通風良好，並設置有地下停車場，在時常下雨的北部是採買食材的好地方。市場全體攤商態度親切，富有人情味，可感受到臺北獨特的城市味道，更反映了在地生活的日常百態。  士東市場在節能方面，除了架設太陽能板，自治會為推廣環保，免費替市場攤商更換節能燈管。另外於1樓增設蓄水池，收納1樓與2樓可使用之用水，充分達到水資源回收再利用。而在環保方面，也透過紙箱回收，每月可增加平均2萬元的市場公用基金；市場提供的手推車，也可大幅減少不必要的塑膠袋使用量；市場自行發明的環保捕蠅罐，主要利用回收的寶特瓶改裝後捕蠅，既環保又天然，相當值得其他市場仿效。  -專家推薦 1.整體市場販售品項豐富，為一完整的購物市場。 2.待客親切，市場氣氛融洽，讓顧客購物時感受到溫暖的氣息。 3.市場整體環境乾淨，衛生良好。 4.市場二樓商店街區相當具有特色，也符合現代人外食的潮流。 5.垃圾分類回收工作成效卓越。 6.裝設節水設備及集水器，強化節電設施，節電效率提高，值得肯定。 ,臺北市,士林區,TPSH
U071,臺北市中山區松江市場,優良市集,臺北市中山區錦州街222號,縣市：臺北市 市場名稱：松江市場 地址：臺北市錦州街222號 電話：0916-082-336 / 02-2341-5241*2120 網址：無 營業型態：全日(07：00~17：00) 總攤位數：150 內文說明： •現況介紹 松江市場鄰近香火鼎盛的行天宮，自民國65年營運迄今，以中等的市場規模收納了吉林路與長春路周邊的攤商入市，依據攤商業種不同將加工熟食、生鮮食材與百貨雜貨分區，麻雀雖小五臟俱全，深受社區居民依賴與喜愛，作為居民民生消費與日常採購的主要場域。市場旁即捷運行天宮站交通便利，以許多饕客耳熟能詳的熟食名攤，招攬不少中外遊客前往遊逛。 此外，自理組織為確保商品品質與販售價格穩定，亦著力於避免市場內攤商惡性競爭，故松江市場總能提供物美價廉之各式商品，另因鄰近公園綠地亦十分適合親子出遊或全家遊逛，攤商們的熱切招呼與親切態度，市場內外乾淨整潔與巧思妝點，更是松江市場擄獲消費客群芳心的原因。  松江市場鄰近香火鼎盛的行天宮，「麻雀雖小五臟俱全」是市場的最佳寫照，商品種類豐富多元，且分區清楚，更以物美價廉見著，打造不少熟食名攤，吸引各方饕客及遊客前往市場遊逛品嚐。內部環境不僅寬敞乾淨且整潔通風，外觀更有巧思妝點，深受社區居民依賴與喜愛，為居民民生消費與日常採購的主要場域。  •特色說明 1.市場可謂麻雀雖小五臟俱全，內部不僅寬敞乾淨且整潔通風，外觀更有巧思妝點 2.以物美價廉見著，更打造不少熟食名攤，吸引各方饕客及遊客前往市場遊逛品嚐 ,臺北市,中山區,TPZS
U072,臺北市中山區大直市場,優良市集,臺北市中山區北安路458巷41弄3號,縣市：臺北市 市場名稱：大直市場 地址：臺北市北安路458巷41弄3號 電話：02-2532-2782 網址：無 營業型態：全日(07：00~17：00) 總攤位數：82 內文說明： •現況介紹 大直市場創建於民國五十年間，由臺北市政府徵收規劃興建，用以安置大直橋下攤販業者，之後逐漸發展成大直地區民眾採買蔬果鮮食的主要市場，自捷運文湖線開通之後，更因交通往來便捷消費客群擴大，亦於民國99年進行改建翻修，以煥然一新之市場外貌吸引不少民眾前來遊逛採購。 市場空間小巧可愛，商品繁多應有盡有，各攤商品陳列整齊且富美感，攤商親切和氣的招呼聲，更顯市場溫馨和諧之氛圍，適合親子一同前往遊逛。坐落於住宅區內，不僅沒有過度的喧嘩嘈雜，市場內不僅整潔明亮，一致的攤招設計裝設更富質感，加以裝設空調設備，提供消費者舒適歡愉的購物環境。 •特色說明 1.交通便利且緊鄰捷運文湖線，市場小巧可愛且富特色，可望擴張客群 2.坐落之處為學區與住宅區所環繞，提供社區居民便利舒適的購物環境 ,臺北市,中山區,TPZS
U073,臺北市中正區南門市場(甲),優良市集,臺北市中正區羅斯福路一段8號,縣市：臺北市 市場名稱：南門市場 地址：臺北市中正區羅斯福路一段8號 電話：02-2321-8069 營業型態：全日(07：00~19：00) 總攤位數：273 內文說明： •市場沿革 南門市場堪稱臺北市歷史最為悠久的公有傳統市場之一，前身為成立於民國前五年的「千歲町市場」市場，民國71年7月改建綜合行政大樓，72年6月重新開業。 •現況介紹 目前地下一樓販賣生鮮食材、一樓經營南北雜貨與熟食菜餚、二樓則販售服飾精品等，市場內以北方糕點、南北雜貨、各式醬料與特色熟食聞名，為民眾採購生鮮食材與各式菜餚的集散地。 近年更強調能源節約之重要性，建物本體裝設太陽能板提供部分電力，且建物外觀建置特色植栽牆，以實際行動落實節能減碳並以環境綠化之方式，形構並強化南門市場之特色，不僅美化環境也濾淨空氣，對於地處交通樞紐之南門市場，實有降低因運輸產生空氣污染之成效。  南門市場在節能方面，除了架設太陽能板，並鼓勵攤商改裝為省電、亮度又足的T5燈管。在環保部分將垃圾分類規劃得宜，並建置完善的廢棄物及資源回收機制，榮獲臺北市公有傳統市場整體環境第1名，同時鼓勵消費者重覆使用環保袋，亦鼓勵攤商提供天然無毒、使用後丟棄可分解的塑膠袋。市場外圍大量種植綠色植栽，可有效且大幅度降低建築物因陽光直射的溫度，並節省冷氣用電，現在的南門市場已蛻變成為符合世界潮流的環保綠建築。  南門市場自日本統治時期即為蔬果集散中心，在當時的名稱為「千歲町市場」，後經改建成為現有的建物，一樓專門販賣南北雜貨與熟食，地下1樓專賣生肉、海鮮及生鮮蔬菜。南門市場以北方糕點、南北雜貨、各式醬料聞名，涵括了大江南北的口味，百吃不膩，許多知名老店如南園、常興、萬有全、合興糕糰店、億長御坊等等，常常可見排隊人潮，除了以上名攤外，市場內還充滿了各式各樣的美食記憶，許多食材及傳統美味更是其他地方採買不到的，讓許多聞名而至的消費者流連忘返。  •特色說明 1.百年市場，備有各式南北雜貨及地道熟食糕點 2.位於捷運站旁且多班公車行經，周邊交通便利 3.重視友善無障礙空間打造，並且備有示範公廁  •專家推薦 1.設置資源回收區及省電、節水設施，走廊全面綠美化。 2.加強綠色經營宣導，推廣「減塑」、「環保洗劑」，鼓勵攤商使用可分解塑膠袋，並使用節能燈具。 3.南門市場設置專門網站，多家業者設有宅配，讓更多消費者可以透過網路無遠弗屆的力量購買喜歡的商品。 4.自100年起連續3年榮獲優良市集4星認證。 5.攤商排列整齊，市集看起來井然有序。 ,臺北市,中正區,TPZZ
U074,臺北市中正區東門市場,優良市集,臺北市中正區信義路二段81號,市場沿革：民國17年建造啟用，78年本館改建為鐵皮屋，以傳統市場型態販售各項生鮮食品、日用品，並以販售黃牛肉及標榜活海鮮聞名。  東門市場位於信義路、金山南路口，為臺北市精華地段，民國17年建造啟用，40、50年代因鄰近眷村區，成為當時許多政要官夫人及外省新住民採買的好地方，因此，東門市場便有了「貴族市場」之稱號。市場於民國98年完成整潔明亮改善工程，攤招明亮又醒目，地磚保持乾燥潔淨不潮濕，天花板設有抽風設備，保持市場內空氣流通，讓市場整體乾淨又清爽。 市場內以傳統市場型態販售各項生鮮食品、日用品和小吃、雜貨並以販售黃牛肉及標榜活海鮮聞名。且有不少20年以上的美食隱身於此，好味道代代相傳，大家都可以來品嚐道地的美食。   市場特色： 販售各項生鮮及日用品，尤以黃牛肉、活海鮮聞名。  營業種類： 蔬菜類、青果類、獸肉類、漁產類、家禽類、雜貨類、百貨類、飲食類、花卉類、其他  交通資訊： 市公車：信義金山南路口237、248、606、671幹線  鄰近重要街道： 金山南路、杭州南路   專家推薦: 1.自理組織態度親切，顧客服務值得肯定，且配合節慶活動捐贈禮金及食品濟助弱勢族群，十分值得鼓勵。 2.市場小而美，與民營市場互助互利、氣氛融洽；商品多樣化，部分攤商有外送服務，充滿生活機能。 3.市場有專人清潔，整體環境舒適明亮，攤台、屋頂、管線通道皆乾淨整潔；入口意象綠美化，並結合歷史文化呈現，十分具有特色。 ,臺北市,中正區,TPZZ
U075,臺北市中正區華山市場,優良市集,臺北市中正區忠孝東路一段108號,市場沿革： 民國69年2月開業，攤商來源：聯勤總部附近攤販。  市場特色： 販售各項生鮮及日用品。  華山市場是臺北市第一個創意生活的市集，市場1樓為一般生鮮蔬果及日用品，中央則引進饒富創意工藝及創新設計的中小企業，販售許多創意手作商品，為傳統市場注入新意，使市場更具創意與活力。 市場2樓則為美食生活廣場，漂亮整潔宛如走進百貨公司美食街的空間環境，設有美食攤及百貨攤，販售多種類餐點，與美髮、音響、服飾等多樣化的商品等等，讓消費者在舒適的環境中，以經濟又實惠的價格，滿足口腹之慾及民生需求，新型態的華山市場讓逛市場的消費者體驗到前所未有的市場新風貌。   營業種類： 蔬菜類、青果類、獸肉類、漁產類、家禽類、雜貨類、百貨類、飲食類、糧食類、其他  交通資訊： 市公車：57、259、276、忠孝線  鄰近重要街道： 紹興南街、林森南路   專家推薦: 1.市場入口意象明顯，內部環境整潔明亮、乾爽舒適，十分具有特色。 2.自理組織運作順暢、營運良好，並關心弱勢團體，將攤位承租給中度智能障礙的孩子製作販賣蛋捲，值得肯定嘉許。 3.引進自動心臟電擊器，關懷消費者健康。 4.廁所裝設節水裝置，並提供飲水設備給與消費者使用。 ,臺北市,中正區,TPZZ
G009,臺北市中正區南門市場(乙),綠色市集,臺北市中正區羅斯福路一段8號,縣市：臺北市 市場名稱：南門市場 地址：臺北市中正區羅斯福路一段8號 電話：02-2321-8069 營業型態：全日(07：00~19：00) 總攤位數：273 內文說明： •市場沿革 南門市場堪稱臺北市歷史最為悠久的公有傳統市場之一，前身為成立於民國前五年的「千歲町市場」市場，民國71年7月改建綜合行政大樓，72年6月重新開業。 •現況介紹 目前地下一樓販賣生鮮食材、一樓經營南北雜貨與熟食菜餚、二樓則販售服飾精品等，市場內以北方糕點、南北雜貨、各式醬料與特色熟食聞名，為民眾採購生鮮食材與各式菜餚的集散地。 近年更強調能源節約之重要性，建物本體裝設太陽能板提供部分電力，且建物外觀建置特色植栽牆，以實際行動落實節能減碳並以環境綠化之方式，形構並強化南門市場之特色，不僅美化環境也濾淨空氣，對於地處交通樞紐之南門市場，實有降低因運輸產生空氣污染之成效。  南門市場在節能方面，除了架設太陽能板，並鼓勵攤商改裝為省電、亮度又足的T5燈管。在環保部分將垃圾分類規劃得宜，並建置完善的廢棄物及資源回收機制，榮獲臺北市公有傳統市場整體環境第1名，同時鼓勵消費者重覆使用環保袋，亦鼓勵攤商提供天然無毒、使用後丟棄可分解的塑膠袋。市場外圍大量種植綠色植栽，可有效且大幅度降低建築物因陽光直射的溫度，並節省冷氣用電，現在的南門市場已蛻變成為符合世界潮流的環保綠建築。  南門市場自日本統治時期即為蔬果集散中心，在當時的名稱為「千歲町市場」，後經改建成為現有的建物，一樓專門販賣南北雜貨與熟食，地下1樓專賣生肉、海鮮及生鮮蔬菜。南門市場以北方糕點、南北雜貨、各式醬料聞名，涵括了大江南北的口味，百吃不膩，許多知名老店如南園、常興、萬有全、合興糕糰店、億長御坊等等，常常可見排隊人潮，除了以上名攤外，市場內還充滿了各式各樣的美食記憶，許多食材及傳統美味更是其他地方採買不到的，讓許多聞名而至的消費者流連忘返。  •特色說明 1.百年市場，備有各式南北雜貨及地道熟食糕點 2.位於捷運站旁且多班公車行經，周邊交通便利 3.重視友善無障礙空間打造，並且備有示範公廁  •專家推薦 1.設置資源回收區及省電、節水設施，走廊全面綠美化。 2.加強綠色經營宣導，推廣「減塑」、「環保洗劑」，鼓勵攤商使用可分解塑膠袋，並使用節能燈具。 3.南門市場設置專門網站，多家業者設有宅配，讓更多消費者可以透過網路無遠弗屆的力量購買喜歡的商品。 4.自100年起連續3年榮獲優良市集4星認證。 5.攤商排列整齊，市集看起來井然有序。 ,臺北市,中正區,TPZZ
U076,臺北市內湖區西湖市場,優良市集,臺北市內湖區內湖路1段285號,西湖市場沿革： 原於環山路1段形成攤販區，為收編內湖區有證攤販、附近攤販集中場攤販及配合興建西湖國中，拓築道路美化市容，於本處市場預定地興建鋼鐵式1樓建築，於78年開幕；惟因西湖市場規畫與捷運西湖站共構，本府於91年2月18日核定，利用內湖路1段285巷道(靠西湖國小)之現有停車格(寬2米)及西湖市場北側停車場沿西湖國小巷道設置臨時攤棚，規劃攤位122攤(北側停車場設置美食街規劃50個攤位，285巷設置72個攤位)，嗣於93年1月30日核定改為面向道路營業。西湖市場臨時攤棚於93年6月11日開工，攤商於94年8月9日搬遷至臨時攤棚營業(市場處於94年8月10日將西湖市場點交捷運局東工處拆除興建共構大樓)，目前捷運完工後，已將西湖市場遷回捷運西湖站1~2樓內營業。 原於環山路1段形成攤販區，為收編內湖區有證攤販、附近攤販集中場攤販及配合興建西湖國中，拓築道路美化市容，於本處市場預定地興建鋼鐵式1樓建築，於78年開幕；惟因西湖市場規畫與捷運西湖站共構，本府於91年2月18日核定，利用內湖路1段285巷道(靠西湖國小)之現有停車格(寬2米)及西湖市場北側停車場沿西湖國小巷道設置臨時攤棚，規劃攤位122攤(北側停車場設置美食街規劃50個攤位，285巷設置72個攤位)，嗣於93年1月30日核定改為面向道路營業。西湖市場臨時攤棚於93年6月11日開工，攤商於94年8月9日搬遷至臨時攤棚營業(市場處於94年8月10日將西湖市場點交捷運局東工處拆除興建共構大樓)，目前捷運完工後，已將西湖市場121攤遷回捷運西湖站1~2樓內營業。  擁有十足現代感的西湖市場，是臺灣第一處與捷運系統共構之市場，因臨近內湖科學園區，加上附近美麗華商圈人潮不絕，並隨著捷運的便利性，為市場帶來一波波消費人潮。市場內的招牌，攤架、攤招皆依業種用不同顏色區分，增加視覺豐富性，二樓配合消費者飲食設置共食區及處理區，方便飲食類攤商集中處理食材，並輔以新式經營，成功塑造西湖市場品牌形象。  市場特色： 販售各項生鮮及日用品。 營業種類： 蔬菜類、青果類、獸肉類、漁產類、家禽類、雜貨類、百貨類、飲食類、其他 交通資訊： 市公車：21、28、110、222、287、247、267、286、620、紅2 鄰近重要街道： 內湖路一段、堤頂路、環山路,臺北市,內湖區,TPNH
U077,臺北市文山區木柵市場,優良市集,臺北市文山區保儀路一段13巷3號,木柵市場沿革： 民國72年開業，攤商來源：安置現址攤販。  木柵市場為文山區第一大傳統市場，市場內名店雲集，讓民眾感受到數十年老店濃厚的人情味，加上環境整齊清潔，也讓逛傳統市場充滿了新鮮感。客源除在地居民之外，尚有深坑、石碇地區人口前往，周圍政府機關多，鄰近文山區行政中心、政治大學、景文高中及再興中學，主要客群以公務人員及學生為主。  市場特色： 販售各項生鮮及日用品 營業種類： 蔬菜類、青果類、獸肉類、漁產類、家禽類、雜貨類、百貨類、飲食類、花卉類 交通資訊： 市公車：251、237、236、611、282，指南客運：1、2 鄰近重要街道： 開元街、集英街、保儀路、指南路、木柵路,臺北市,文山區,TPWS
U078,臺北市信義區永春市場,優良市集,臺北市信義區松山路294號,永春市場沿革： 民國48年本市場用地為周氏所有土地，當時周氏出租40餘名攤販遂成為市集。後經市府徵收現址市場用地興建四層樓建築物，規劃一、二樓市場，三樓圖書館，四樓民眾閱覽室及里民活動中心，於72年4月20日完工。市場於72年7月1日開幕，因二樓營運狀況不佳，經攤商協調同意及市府核准，成立永春零售市場股份有限公司，全數攤商集中一樓營業，二樓以公司名義經營社區文化中心。  民國48年永春市場現址聚集了40餘名攤販於此，因為頗具規模遂成為當地知名的小型市集，後經臺北市政府徵收現址市場用地，興建現今的四層樓建築物，規劃一、二樓市場、三樓圖書館、四樓民眾閱覽室及里民活動中心。市場於72年開幕後，為改善二樓閒置空攤的問題，故成立永春零售市場股份有限公司，以公司名義經營，辦理二手市集，每到星期六、日一攤難求，人潮洶湧、熱鬧非凡，讓民眾在此體驗到尋寶的樂趣，也配合消費者需求，將生鮮商品全數集中於一樓營業，春和油飯、上味香魚丸、阿萬生魚片、山東饅頭等知名攤商均是熱門名攤。   永春市場二樓由黃秀玉會長領導下成立永春零售市場股份有限公司，跳脫以往市場經營方式，專門經營社區文化中心與二手市集，採登記收費制度維持營運，提供媒介的平台，讓民眾可以將不需要的物品拿到市場來販售，因此市集內可以找到各種稀奇古怪的物品，讓消費者充滿著尋寶的樂趣，也使永春市場成為臺北市知名的二手市集。二手市集每個星期六、日都會在永春市場二樓舉辦，往往都是一攤難求，人潮洶湧，熱鬧非凡，讓民眾在此有著尋寶的樂趣，也活化了市場，創造更多的價值。  市場特色： 一樓賣場整齊、清潔，販售各項生鮮及日用品；二樓文化休閒廣場。為臺北市公有傳統零售示範市場之一。 營業種類： 蔬菜類、青果類、獸肉類、漁產類、家禽類、雜貨類、百貨類、飲食類、糧食類、花卉類、其他 交通資訊： 捷運永春站，市公車：32、46、69、232、277、257、258、284、299、611、286 鄰近重要街道： 忠孝東路、永吉路  專家推薦: 1.市場環境乾淨整潔，設有空調、裝設節能燈管，並管制腳踏車進入市場的時間，維護消費者購物品質。 2.自理組織熱心公益，節日會贈送白米給學校、弱勢家庭，並認真處理顧客意見，提升服務品質。 3.鼓勵攤商標示商品資訊，方便消費者選購商品。 4.市場設有空調，人潮多、充滿商機，並有專人服務管理市場秩序，擁有健全的招商制度。  5.推廣價格標示，方便消費者選購商品。  ,臺北市,信義區,TPXY
U079,臺北市萬華區華西街攤販集中場,優良市集,臺北市萬華區華西街自廣州街至貴陽街段,縣市：臺北市 市場名稱：華西街觀光市場 地址：臺北市萬華區華西街 電話：02-2388-1818 網址：無 營業型態：夜市(15：00~03：00) 總攤位數：188 內文說明： ●現況介紹 位於政府列管之二級古蹟龍山寺旁，為臺灣第一座觀光夜市，自入口處即設置中國傳統牌樓作為入口意象，沿街掛置紅色宮燈深具特色，此外，華西街夜市以臺灣特色小吃聞名，自山產魚鮮至野味小吃琳瑯滿目一應俱全，且攤商多為百年老字號享譽盛名，深受國內外觀光客之青睞。 華西街夜市之高度人氣，初始源於以清熱解毒的蛇店及活血強身的鱉店聞名，經常藉弄蛇或鬥鱉的表演吸引消費者目光，近來雖囿於野生動物保育相關法規的推動已不復見，但形形色色的野味小吃亦形成華西街夜市的特色之一。此外，各式藥草食補與按摩推拿的店家亦相映成趣，百家爭鳴的景象勾勒出臺灣夜市的熱情與活力。 ●特色說明 1.以琳瑯滿目的山產魚鮮與野味小吃聞名中外，為一特色鮮明且富有活力的觀光夜市 2.為臺灣經中央政府規劃之首座觀光夜市，且以豐富的街區妝點強化市集之文化特色 3.地處多處觀光景點間，兼備歷史文化意涵及休閒娛樂消費之場域，具觀光發展潛力 ,臺北市,萬華區,TPWH
U080,臺北市信義區光復市場,優良市集,臺北市信義區仁愛路4段496巷19號,光復市場沿革： 現址以前攤販聚集，經市府徵收市場用地於民國50年市場開幕，98年重新整修，共有56個攤位，攤商來源：原址營業攤販及四四西村攤販集中場。 市場特色： 販售各項生鮮及日用品，且提供宅配服務。為臺北市公有傳統零售示範市場之一。  光復市場為臺北市國父紀念館南邊巷子內的老牌傳統市場，現址以前為攤販聚集地，經市府徵收用地後於民國50年開始營運，98年重新整修，為臺北市公有傳統零售示範市場之一，攤商來源大多為原址營業及四四西村的攤販，也是一個充滿老臺北歷史的市場。  營業種類： 蔬菜類、青果類、獸肉類、漁產類、家禽類、雜貨類、百貨類、飲食類、其他 交通資訊： 捷運市政府站或國父紀念館站下車再步行前往 市公車(國父紀念館站)：263、270、245、261、651、665、311藍、621、212、240、299、235 鄰近重要街道： 仁愛路、基隆路,臺北市,信義區,TPXY
